Tweet;Data
"ğŸ¤– Submarino titan, democratizaÃ§Ã£o da exploraÃ§Ã£o oceÃ¢nica?

Fonte: https://tinyurl.com/y4mk9wbo

05 de dezembro de 2021
#AmazÃ´niaAzul ğŸŒ…
#redebotsdobem ğŸ›°";05/12/2021
"ğŸ¤– Em Trancoso (BA) a previsÃ£o do tempo Ã© de cÃ©u limpo, com uma temperatura de 29Â°C e sensaÃ§Ã£o tÃ©rmica de 33Â°C.
O Ã­ndice ultravioleta (11) hoje estÃ¡ elevado (11). Fique Ã  sombra durante as horas centrais do dia!
            

05 de dezembro de 2021
#redebotsdobem ğŸ¤–";05/12/2021
"ğŸ¤– Em SÃ£o Luis (MA) a previsÃ£o do tempo Ã© de perÃ­odos nublados, com uma temperatura de 31Â°C e sensaÃ§Ã£o tÃ©rmica de 34Â°C.
O Ã­ndice ultravioleta (11) hoje estÃ¡ elevado (11). Utilize protetor solar, camiseta e Ã³culos de sol!
            

05 de dezembro de 2021
#redebotsdobem ğŸ¤–";05/12/2021
"ğŸ¤– Em Natal (RN) a previsÃ£o do tempo Ã© de cÃ©u limpo, com uma temperatura de 26Â°C e sensaÃ§Ã£o tÃ©rmica de 28Â°C.
O Ã­ndice ultravioleta (11) hoje estÃ¡ elevado (11). Utilize protetor solar, camiseta e Ã³culos de sol!
            

05 de dezembro de 2021
#redebotsdobem ğŸ¤–";05/12/2021
"ğŸ¤– Em Fortaleza (CE) a previsÃ£o do tempo Ã© de aguaceiros isolados, com uma temperatura de 31Â°C e sensaÃ§Ã£o tÃ©rmica de 36Â°C.
A temperatura mÃ¡xima prevista Ã© de 34Â°C e a mÃ­nima de 26Â°C. Utilize protetor solar durante o dia!
            

05 de dezembro de 2021
#redebotsdobem ğŸ¤–";05/12/2021
"ğŸ¤– Em PeruÃ­be (SP) a previsÃ£o do tempo Ã© de perÃ­odos nublados, com uma temperatura de 27Â°C e sensaÃ§Ã£o tÃ©rmica de 28Â°C.
O Ã­ndice ultravioleta (11) hoje estÃ¡ elevado (11). Fique Ã  sombra durante as horas centrais do dia!
            

05 de dezembro de 2021
#redebotsdobem ğŸ¤–";05/12/2021
"ğŸ¤– Em Trancoso (BA) a previsÃ£o do tempo Ã© de cÃ©u limpo, com uma temperatura de 29Â°C e sensaÃ§Ã£o tÃ©rmica de 33Â°C.
O Ã­ndice ultravioleta (11) hoje estÃ¡ elevado (11). Utilize protetor solar, camiseta e Ã³culos de sol!
            

05 de dezembro de 2021
#redebotsdobem ğŸ¤–";05/12/2021
"ğŸ¤– Em JoÃ£o Pessoa (PB) a previsÃ£o do tempo Ã© de cÃ©u limpo, com uma temperatura de 33Â°C e sensaÃ§Ã£o tÃ©rmica de 41Â°C.
O Ã­ndice ultravioleta (11) hoje estÃ¡ elevado (11). Fique Ã  sombra durante as horas centrais do dia!
            

05 de dezembro de 2021
#redebotsdobem ğŸ¤–";05/12/2021
"ğŸ¤– Em Salvador (BA) a previsÃ£o do tempo Ã© de aguaceiros isolados, com uma temperatura de 27Â°C e sensaÃ§Ã£o tÃ©rmica de 31Â°C.
O Ã­ndice ultravioleta (11) hoje estÃ¡ elevado (11). Utilize protetor solar, camiseta e Ã³culos de sol!
            

05 de dezembro de 2021
#redebotsdobem ğŸ¤–";05/12/2021
"ğŸ¤– Em GuarujÃ¡ (SP) a previsÃ£o do tempo Ã© de cÃ©u limpo, com uma temperatura de 23Â°C e sensaÃ§Ã£o tÃ©rmica de 26Â°C.
O Ã­ndice ultravioleta (11) hoje estÃ¡ elevado (11). Fique Ã  sombra durante as horas centrais do dia!
            

05 de dezembro de 2021
#redebotsdobem ğŸ¤–";05/12/2021
"VocÃª sabia?
O Brasil contribuiu, em anos recentes, com pouco mais de 0,5% do total produzido no mundo pela pesca marÃ­tima, com uma produÃ§Ã£o prÃ³xima a 540 mil toneladas no ano de 2007.

05 de dezembro de 2021
#AmazÃ´niaAzul
#redebotsdobem";05/12/2021
"ğŸ¤– Submarino titan, democratizaÃ§Ã£o da exploraÃ§Ã£o oceÃ¢nica?

Fonte: https://tinyurl.com/y4mk9wbo

05 de dezembro de 2021
#AmazÃ´niaAzul ğŸŒ…
#redebotsdobem ğŸ¤–";05/12/2021
"A AmazÃ´nia Azul, um horizonte no mar para a produÃ§Ã£o sustentÃ¡vel de alimento

Fonte: https://tinyurl.com/yyhooq5p

05 de dezembro de 2021
#AmazÃ´niaAzul
#redebotsdobem";05/12/2021
testando api;05/12/2021
"ğŸ¤– Em Ubatuba (SP) a previsÃ£o do tempo Ã© de aguaceiros fracos, com uma temperatura de 16Â°C e sensaÃ§Ã£o tÃ©rmica de 16Â°C.

MarÃ© alta: 0:44 (1,5m) e 13:19 (1,3m).
MarÃ© baixa: 9:05 (0,2m) e 20:56 (0,0m).
            

03 de dezembro de 2021
#redebotsdobem ğŸ¤–";03/12/2021
"ğŸ¤– Em Rio de Janeiro (RJ) a previsÃ£o do tempo Ã© de aguaceiros isolados, com uma temperatura de 22Â°C e sensaÃ§Ã£o tÃ©rmica de 22Â°C.
A temperatura mÃ¡xima prevista Ã© de 25Â°C e a mÃ­nima de 21Â°C.
            

03 de dezembro de 2021
#redebotsdobem ğŸ¤–";03/12/2021
"ğŸ¤– Em NiterÃ³i (RJ) a previsÃ£o do tempo Ã© de aguaceiros isolados, com uma temperatura de 22Â°C e sensaÃ§Ã£o tÃ©rmica de 22Â°C.
A nebulosidade Ã© de 81% e a velocidade do vento Ã© de 6 km/h.
            

03 de dezembro de 2021
#redebotsdobem ğŸ¤–";03/12/2021
"ğŸ¤– Em Recife (PE) a previsÃ£o do tempo Ã© de muito nublado, com uma temperatura de 26Â°C e sensaÃ§Ã£o tÃ©rmica de 28Â°C.
A nebulosidade Ã© de 92% e a velocidade do vento Ã© de 13 km/h.
            

03 de dezembro de 2021
#redebotsdobem ğŸ¤–";03/12/2021
"ğŸ¤– Em GuarujÃ¡ (SP) a previsÃ£o do tempo Ã© de aguaceiros fracos, com uma temperatura de 22Â°C e sensaÃ§Ã£o tÃ©rmica de 22Â°C.
A temperatura mÃ¡xima prevista Ã© de 23Â°C e a mÃ­nima de 21Â°C.
            

03 de dezembro de 2021
#redebotsdobem ğŸ¤–";03/12/2021
"ğŸ¤– 
            Em JoÃ£o Pessoa (PB) a previsÃ£o do tempo Ã© de cÃ©u nublado, com uma temperatura de 26Â°C e sensaÃ§Ã£o tÃ©rmica de 28Â°C.
A temperatura mÃ¡xima prevista Ã© de 31Â°C e a mÃ­nima de 26Â°C.
            

03 de dezembro de 2021
#redebotsdobem ğŸ¤–";03/12/2021
"ğŸ¤– 
            Em Aracaju (SE) a previsÃ£o do tempo Ã© de perÃ­odos nublados, com uma temperatura de 26Â°C e sensaÃ§Ã£o tÃ©rmica de 28Â°C.
A temperatura mÃ¡xima prevista Ã© de 33Â°C e a mÃ­nima de 25Â°C.
            

03 de dezembro de 2021
#redebotsdobem ğŸ¤–";03/12/2021
"ğŸ¤– 
            Em Cabo Frio (RJ) a previsÃ£o do tempo Ã© de cÃ©u nublado, com uma temperatura de 22Â°C e sensaÃ§Ã£o tÃ©rmica de 22Â°C.
A temperatura mÃ¡xima prevista Ã© de 25Â°C e a mÃ­nima de 21Â°C.
            

03 de dezembro de 2021
#redebotsdobem ğŸ¤–";03/12/2021
"ğŸ¤– 
            Em Rio de Janeiro (RJ) a previsÃ£o do tempo Ã© de aguaceiros isolados, com uma temperatura de 22Â°C e sensaÃ§Ã£o tÃ©rmica de 24Â°C.
A temperatura mÃ¡xima prevista Ã© de 25Â°C e a mÃ­nima de 21Â°C.
            

03 de dezembro de 2021
#redebotsdobem ğŸ¤–";03/12/2021
"ğŸ¤– 
            Em Recife (PE) a previsÃ£o do tempo Ã© de cÃ©u nublado, com uma temperatura de 26Â°C e sensaÃ§Ã£o tÃ©rmica de 28Â°C.

MarÃ© baixa: 2:43 (2,4m) e 15:02 (2,4m).
MarÃ© alta: 8:55 (0,1m) e 21:16 (0,1m).
            

03 de dezembro de 2021
#redebotsdobem ğŸ¤–";03/12/2021
"
            Em SÃ£o Luis (MA) a previsÃ£o do tempo Ã© de aguaceiros isolados, com uma temperatura de 26Â°C e sensaÃ§Ã£o tÃ©rmica de 29Â°C.
MarÃ© baixa: 5:49 (6,2m) e 18:04 (6,3m).
MarÃ© alta: 12:02 (0,4m) e  (m).
            

03 de dezembro de 2021
#AmazÃ´niaAzul ğŸŒ…
#redebotsdobem ğŸ¤–";03/12/2021
"
            Em VitÃ³ria (ES) a previsÃ£o do tempo Ã© de aguaceiros fracos, com uma temperatura de 22Â°C e sensaÃ§Ã£o tÃ©rmica de 22Â°C.
MarÃ© baixa: 2:16 (1,6m) e 14:23 (1,4m).
MarÃ© alta: 8:24 (0,1m) e 20:32 (0,0m).
            

03 de dezembro de 2021
#AmazÃ´niaAzul ğŸŒ…
#redebotsdobem ğŸ¤–";03/12/2021
"
            Em Ubatuba (SP) a previsÃ£o do tempo Ã© de aguaceiros fracos, com uma temperatura de 16Â°C e sensaÃ§Ã£o tÃ©rmica de 16Â°C.
MarÃ© baixa: 0:44 (1,5m) e 13:19 (1,3m).
MarÃ© alta: 9:05 (0,2m) e 20:56 (0,0m).
            

03 de dezembro de 2021
#AmazÃ´niaAzul ğŸŒ…
#redebotsdobem ğŸ¤–";03/12/2021
"
            Em Natal (RN) a previsÃ£o do tempo Ã© de aguaceiros fracos, com uma temperatura de 21Â°C e sensaÃ§Ã£o tÃ©rmica de 21Â°C.
MarÃ© baixa sÃ£o: 0:50 (1,3m) e 12:59 (1,1m).
MarÃ© alta: 9:33 (0,1m) e 21:36 (0,0m).
            

03 de dezembro de 2021
#AmazÃ´niaAzul ğŸŒ…
#redebotsdobem ğŸ¤–";03/12/2021
"
            Em MacapÃ¡ (AP) a previsÃ£o do tempo Ã© de nÃ©voa, com uma temperatura de 23Â°C e sensaÃ§Ã£o tÃ©rmica de 26Â°C.
MarÃ© baixa sÃ£o: 5:03 (3,7m) e 17:21 (3,9m).
MarÃ© alta: 11:23 (0,5m) e 23:54 (0,1m).
            

03 de dezembro de 2021
#AmazÃ´niaAzul ğŸŒ…
#redebotsdobem ğŸ¤–";03/12/2021
"ğŸ¤– ItajaÃ­, SC, ameaÃ§ada pela especulaÃ§Ã£o imobiliÃ¡ria

Fonte: https://tinyurl.com/y4s29yom

03 de dezembro de 2021
#AmazÃ´niaAzul ğŸŒ…
#redebotsdobem ğŸ¤–";03/12/2021
"ğŸ¤– ItajaÃ­, SC, ameaÃ§ada pela especulaÃ§Ã£o imobiliÃ¡ria

Fonte: https://tinyurl.com/y4s29yom

03 de dezembro de 2021
#AmazÃ´niaAzul ğŸŒŠ
#redebotsdobem ğŸ¤–";03/12/2021
"ItajaÃ­, SC, ameaÃ§ada pela especulaÃ§Ã£o imobiliÃ¡ria

Fonte: https://tinyurl.com/y4s29yom

03 de dezembro de 2021
#AmazÃ´niaAzulğŸŒŠ
#redebotsdobemğŸ¤–";03/12/2021
testando api;02/12/2021
testando api   ğŸŸ   ğŸŒŠ   ğŸ¤–   ğŸ„   ğŸŒ¦   ğŸŒ§   ğ’›ˆ;02/12/2021
testando apiğŸŸ;02/12/2021
"Pesca com bombas no Brasil, nÃ£o deixe isso acontecer

Fonte: https://tinyurl.com/yx94vb9q

02 de dezembro de 2021
#AmazÃ´niaAzul
#redebotsdobem";02/12/2021
"A Ãºltima geleira da Venezuela estÃ¡ se esvaindo

Fonte:  

02 de dezembro de 2021
#AmazÃ´niaAzul
#redebotsdobem";02/12/2021
"Site Mar Sem Fim, recorde de audiÃªncia e novidades

Fonte: i

02 de dezembro de 2021
#AmazÃ´niaAzul
#redebotsdobem";02/12/2021
"Pesca com bombas no Brasil, nÃ£o deixe isso acontecer

Fonte: e

02 de dezembro de 2021
#AmazÃ´niaAzul
#redebotsdobem";02/12/2021
"
            Em Cabo Frio (RJ) a previsÃ£o do tempo Ã© de perÃ­odos nublados, com uma temperatura de 23Â°C e sensaÃ§Ã£o tÃ©rmica de 26Â°C.
A temperatura mÃ¡xima prevista Ã© de 27Â°C e a mÃ­nima de 22Â°C.
            

01 de dezembro de 2021
#AmazÃ´niaAzul
#redebotsdobem";01/12/2021
"
            Em PeruÃ­be (SP) a previsÃ£o do tempo Ã© de perÃ­odos nublados, com uma temperatura de 19Â°C e sensaÃ§Ã£o tÃ©rmica de 19Â°C.
A temperatura mÃ¡xima prevista Ã© de 27Â°C e a mÃ­nima de 19Â°C.
            

01 de dezembro de 2021
#AmazÃ´niaAzul
#redebotsdobem";01/12/2021
"
            Em Fortaleza (CE) a previsÃ£o do tempo Ã© de perÃ­odos nublados, com uma temperatura de 27Â°C e sensaÃ§Ã£o tÃ©rmica de 30Â°C.
A temperatura mÃ¡xima prevista Ã© de 34Â°C e a mÃ­nima de 27Â°C.
            

01 de dezembro de 2021
#AmazÃ´niaAzul
#redebotsdobem";01/12/2021
"
            Em Bertioga (SP) a previsÃ£o do tempo Ã© de aguaceiros isolados, com uma temperatura de 21Â°C e sensaÃ§Ã£o tÃ©rmica de 21Â°C.
A nebulosidade Ã© de 82% e a velocidade do vento Ã© de 3 km/h.
            

01 de dezembro de 2021
#AmazÃ´niaAzul
#redebotsdobem";01/12/2021
"
            Em NiterÃ³i (RJ) a previsÃ£o do tempo Ã© de cÃ©u limpo, com uma temperatura de 23Â°C e sensaÃ§Ã£o tÃ©rmica de 25Â°C.
A temperatura mÃ¡xima prevista Ã© de 28Â°C e a mÃ­nima de 22Â°C.
            

01 de dezembro de 2021
#AmazÃ´niaAzul
#redebotsdobem";01/12/2021
"
            Em Santos (SP) a previsÃ£o do tempo Ã© de aguaceiros isolados, com uma temperatura de 21Â°C e sensaÃ§Ã£o tÃ©rmica de 21Â°C.
A nebulosidade Ã© de 82% e a velocidade do vento Ã© de 3 km/h.
            

01 de dezembro de 2021
#AmazÃ´niaAzul
#redebotsdobem";01/12/2021
"
            Em FlorianÃ³polis (SC) a previsÃ£o do tempo Ã© de perÃ­odos nublados, com uma temperatura de 20Â°C e sensaÃ§Ã£o tÃ©rmica de 20Â°C.
A temperatura mÃ¡xima prevista Ã© de 26Â°C e a mÃ­nima de 18Â°C.
            

01 de dezembro de 2021
#AmazÃ´niaAzul
#redebotsdobem";01/12/2021
"Nuclear - AMAZUL - Reator nuclear pode tornar Brasil autossuficiente em radiofÃ¡rmacos

Fonte: https://tinyurl.com/y5566emw

01 de dezembro de 2021
#AmazÃ´niaAzul
#redebotsdobem";01/12/2021
"VocÃª sabia?
AlÃ©m da AmazÃ´nia Verde, o Brasil tambÃ©m possui a AmazÃ´nia Azul!
Com 7,4 mil quilÃ´metros de costa, o Brasil tem, sob sua jurisdiÃ§Ã£o, 3,5 milhÃµes de KmÂ² de espaÃ§o marÃ­timo.

29 de novembro de 2021
#AmazÃ´niaAzul
#redebotsdobem";29/11/2021
"VocÃª sabia?
AtravÃ©s do mar passam hoje cerca de 95% de todo o comÃ©rcio exterior nacional do Brasil.
O mar responde tambÃ©m por 90% de todas as nossas reservas de petrÃ³leo e gÃ¡s!

29 de novembro de 2021
#AmazÃ´niaAzul
#redebotsdobem";29/11/2021
"VocÃª sabia?
O Brasil contribuiu, em anos recentes, com pouco mais de 0,5% do total produzido no mundo pela pesca marÃ­tima, com uma produÃ§Ã£o prÃ³xima a 540 mil toneladas no ano de 2007.

29 de novembro de 2021
#AmazÃ´niaAzul
#redebotsdobem";29/11/2021
"
            Em Fortaleza (CE) a previsÃ£o do tempo Ã© de cÃ©u nublado, com uma temperatura de 27Â°C e sensaÃ§Ã£o tÃ©rmica de 31Â°C.
A temperatura mÃ¡xima prevista Ã© de 33Â°C e a mÃ­nima de 27Â°C.
            

29 de novembro de 2021
#AmazÃ´niaAzul
#redebotsdobem";29/11/2021
"
            Em SÃ£o Luis (MA) a previsÃ£o do tempo Ã© de perÃ­odos nublados, com uma temperatura de 27Â°C e sensaÃ§Ã£o tÃ©rmica de 31Â°C.
A nebulosidade Ã© de 35% e a velocidade do vento Ã© de 18 km/h.
            

29 de novembro de 2021
#AmazÃ´niaAzul
#redebotsdobem";29/11/2021
